{"cameraMode":{"drawMode":0,"name":"Shaded","section":"Shading Mode"},"sceneLighting":false,"audioPlay":false,"sceneViewState":{"m_AlwaysRefresh":false,"showFog":true,"showSkybox":false,"showFlares":true,"showImageEffects":true,"showParticleSystems":true,"showVisualEffectGraphs":true,"m_FxEnabled":true},"in2DMode":false,"pivot":{"x":1.7792332172393799,"y":4.088573932647705,"z":-10.564040184020996},"rotation":{"x":0.018064919859170915,"y":-0.9270198941230774,"z":0.3716748058795929,"w":0.04510333016514778},"size":2.8695106506347658,"orthographic":false}